state,year,cigsale,lnincome,age15to24,retprice,beer
1,1970,89.8000030517578,,0.178861781954765,39.5999984741211,
1,1971,95.4000015258789,,0.179927840828896,42.7000007629395,
1,1972,101.099998474121,9.49847602844238,0.180993899703026,42.2999992370605,
1,1973,102.900001525879,9.5501070022583,0.182059943675995,42.0999984741211,
1,1974,108.199996948242,9.53716278076172,0.183126002550125,43.0999984741211,
1,1975,111.699996948242,9.54003143310547,0.184192061424255,46.5999984741211,
1,1976,116.199996948242,9.5919075012207,0.185258120298386,50.4000015258789,
1,1977,117.099998474121,9.6174955368042,0.186324179172516,50.0999984741211,
1,1978,123,9.65407180786133,0.187390223145485,55.0999984741211,
1,1979,121.400001525879,9.64918041229248,0.188456282019615,56.7999992370605,
1,1980,123.199996948242,9.6121940612793,0.189522340893745,60.5999984741211,
1,1981,119.599998474121,9.60959434509277,0.185842230916023,68.8000030517578,
1,1982,119.099998474121,9.59757995605469,0.182162120938301,73.0999984741211,
1,1983,116.300003051758,9.62676906585693,0.178482010960579,84.4000015258789,
1,1984,113,9.67162132263184,0.174801900982857,90.8000030517578,18
1,1985,114.5,9.70319271087646,0.171121791005135,99,18.7000007629395
1,1986,116.300003051758,9.74594974517822,0.167441681027412,103,19.2999992370605
1,1987,114,9.76209163665771,0.16376157104969,110,19.3999996185303
1,1988,112.099998474121,9.78176975250244,0.160081461071968,114.400001525879,19.3999996185303
1,1989,105.599998474121,9.80252742767334,0.156401351094246,122.300003051758,19.3999996185303
1,1990,108.599998474121,9.81429004669189,0.152721241116524,139.100006103516,20.1000003814697
1,1991,107.900001525879,9.81925964355469,,144.399993896484,20.1000003814697
1,1992,109.099998474121,9.84528636932373,,172.199996948242,20.3999996185303
1,1993,108.5,9.85216045379639,,176.199996948242,20.2999992370605
1,1994,107.099998474121,9.87933444976807,,154.600006103516,21
1,1995,102.599998474121,9.92440414428711,,155.100006103516,20.6000003814697
1,1996,101.400001525879,9.94002723693848,,158.300003051758,21
1,1997,104.900001525879,9.93727016448975,,167.399993896484,20.7999992370605
1,1998,106.199996948242,,,180.5,
1,1999,100.699996948242,,,195.600006103516,
1,2000,96.1999969482422,,,270.700012207031,
2,1970,100.300003051758,,0.169006764888763,36.7000007629395,
2,1971,104.099998474121,,0.169953852891922,38.7999992370605,
2,1972,103.900001525879,9.46451377868652,0.170900955796242,44.0999984741211,
2,1973,108,9.55683040618896,0.1718480437994,45.0999984741211,
2,1974,109.699996948242,9.54228591918945,0.172795131802559,45.5,
2,1975,114.800003051758,9.51409435272217,0.173742234706879,48.5999984741211,
2,1976,119.099998474121,9.55815315246582,0.174689322710037,50.9000015258789,
2,1977,122.599998474121,9.59092330932617,0.175636410713196,52.5999984741211,
2,1978,127.300003051758,9.6572380065918,0.176583498716354,56.5,
2,1979,126.5,9.6335334777832,0.177530601620674,58.4000015258789,
2,1980,131.800003051758,9.57380294799805,0.178477689623833,61.5,
2,1981,128.699996948242,9.59304141998291,0.175011113286018,64.6999969482422,
2,1982,127.400001525879,9.57369995117188,0.171544536948204,72.0999984741211,
2,1983,128,9.59305286407471,0.168077945709229,82,
2,1984,123.099998474121,9.65044021606445,0.164611369371414,93.5999984741211,17.8999996185303
2,1985,125.800003051758,9.67552661895752,0.1611447930336,98.5,18.1000003814697
2,1986,126,9.70593929290771,0.157678216695786,103.599998474121,18.7000007629395
2,1987,122.300003051758,9.70557403564453,0.154211640357971,113,19
2,1988,121.5,9.72153186798096,0.150745049118996,119.900001525879,18.8999996185303
2,1989,118.300003051758,9.73737049102783,0.147278472781181,127.699996948242,19
2,1990,113.099998474121,9.7363109588623,0.143811896443367,141.199996948242,19.8999996185303
2,1991,116.800003051758,9.74306774139404,,146.5,19.8999996185303
2,1992,126,9.78862857818604,,177.300003051758,20
2,1993,113.800003051758,9.78514194488525,,179.899993896484,19.7000007629395
2,1994,108.800003051758,9.81363105773926,,168.100006103516,19.7000007629395
2,1995,113,9.86445999145508,,167.300003051758,19.5
2,1996,110.699996948242,9.88523387908936,,167.100006103516,20.1000003814697
2,1997,108.699996948242,9.88310718536377,,181.300003051758,19.7999992370605
2,1998,109.5,,,187.300003051758,
2,1999,104.800003051758,,,206.899993896484,
2,2000,99.4000015258789,,,279.299987792969,
3,1970,123,,0.178158327937126,38.7999992370605,
3,1971,121,,0.179296359419823,39.7000007629395,
3,1972,123.5,9.93081378936768,0.180434390902519,39.9000015258789,
3,1973,124.400001525879,9.95509243011475,0.181572407484055,39.9000015258789,
3,1974,126.699996948242,9.94799900054932,0.182710438966751,41.9000015258789,
3,1975,127.099998474121,9.93716716766357,0.183848470449448,45,
3,1976,128,9.97685813903809,0.184986501932144,48.2999992370605,
3,1977,126.400001525879,10.0026998519897,0.186124533414841,49,
3,1978,126.099998474121,10.0455646514893,0.187262549996376,58.7000007629395,
3,1979,121.900001525879,10.0546875,0.188400581479073,60.0999984741211,
3,1980,120.199996948242,10.0378408432007,0.189538612961769,62.0999984741211,
3,1981,118.599998474121,10.0286264419556,0.185537055134773,66.4000015258789,
3,1982,115.400001525879,10.0125303268433,0.181535497307777,72.8000030517578,
3,1983,110.800003051758,10.0317373275757,0.177533939480782,84.9000015258789,
3,1984,104.800003051758,10.0753593444824,0.173532381653786,94.9000015258789,25
3,1985,102.800003051758,10.099702835083,0.16953082382679,98,24
3,1986,99.6999969482422,10.1272668838501,0.165529265999794,104.400001525879,24.7000007629395
3,1987,97.5,10.1343011856079,0.161527708172798,103.900001525879,24.1000003814697
3,1988,90.0999984741211,10.1416625976562,0.157526150345802,117.400001525879,23.6000003814697
3,1989,82.4000015258789,10.14231300354,0.153524592518806,126.400001525879,23.7000007629395
3,1990,77.8000030517578,10.141622543335,0.149523034691811,163.800003051758,23.7999992370605
3,1991,68.6999969482422,10.1107139587402,,186.800003051758,22.2999992370605
3,1992,67.5,10.1149387359619,,201.899993896484,21.2999992370605
3,1993,63.4000015258789,10.0984973907471,,205.100006103516,20.7999992370605
3,1994,58.5999984741211,10.0995082855225,,190.300003051758,20.1000003814697
3,1995,56.4000015258789,10.1559162139893,,195.100006103516,19.7000007629395
3,1996,54.5,10.1786365509033,,197.899993896484,19.1000003814697
3,1997,53.7999992370605,10.1751899719238,,200.300003051758,19.5
3,1998,52.2999992370605,,,207.800003051758,
3,1999,47.2000007629395,,,224.899993896484,
3,2000,41.5999984741211,,,351.200012207031,
4,1970,124.800003051758,,0.190950229763985,29.3999996185303,
4,1971,125.5,,0.191647589206696,31.1000003814697,
4,1972,134.300003051758,9.8055477142334,0.192344963550568,31.2000007629395,
4,1973,137.899993896484,9.84841346740723,0.193042322993279,32.7000007629395,
4,1974,132.800003051758,9.84045124053955,0.193739682435989,38.0999984741211,
4,1975,131,9.82846069335938,0.194437056779861,41.7000007629395,
4,1976,134.199996948242,9.85891342163086,0.195134416222572,44.7999992370605,
4,1977,132,9.88844680786133,0.195831775665283,44.7000007629395,
4,1978,129.199996948242,9.93375110626221,0.196529135107994,57.4000015258789,
4,1979,131.5,9.94221973419189,0.197226509451866,52.7999992370605,
4,1980,131,9.94361209869385,0.197923868894577,54.5999984741211,
4,1981,133.800003051758,9.95727348327637,0.191868707537651,58.0999984741211,
4,1982,130.5,9.96261692047119,0.185813561081886,61.4000015258789,
4,1983,125.300003051758,9.97803688049316,0.17975839972496,73.3000030517578,
4,1984,119.699996948242,10.0020456314087,0.173703253269196,83.4000015258789,25.7000007629395
4,1985,112.400001525879,10.0007791519165,0.16764809191227,93.0999984741211,25.2000007629395
4,1986,109.900001525879,10.0015926361084,0.161592930555344,95.0999984741211,25.5
4,1987,102.400001525879,9.99442672729492,0.155537784099579,108.599998474121,24.7999992370605
4,1988,94.5999984741211,10.0188312530518,0.149482622742653,116,24.2000007629395
4,1989,88.8000030517578,10.0430631637573,0.143427476286888,130.800003051758,23.8999996185303
4,1990,87.4000015258789,10.0462512969971,0.137372314929962,149.300003051758,24.2000007629395
4,1991,90.1999969482422,10.0547609329224,,152.600006103516,23.5
4,1992,88.3000030517578,10.0663394927979,,157.5,23.7000007629395
4,1993,88.5999984741211,10.0796689987183,,168.199996948242,23.5
4,1994,89.0999984741211,10.0974636077881,,153.199996948242,23.1000003814697
4,1995,85.4000015258789,10.1663503646851,,164.199996948242,24.3999996185303
4,1996,83.0999984741211,10.1914367675781,,169.600006103516,24.7999992370605
4,1997,81.3000030517578,10.203896522522,,174.399993896484,24
4,1998,81.1999969482422,,,185.800003051758,
4,1999,79.5999984741211,,,204.199996948242,
4,2000,73,,,281.299987792969,
5,1970,120,,0.162928760051727,42.2000007629395,
5,1971,117.599998474121,,0.164653897285461,45.5,
5,1972,110.800003051758,9.9811372756958,0.166379049420357,51.2999992370605,
5,1973,109.300003051758,10.0129890441895,0.168104186654091,50.5999984741211,
5,1974,112.400001525879,9.98853492736816,0.169829323887825,52.5,
5,1975,110.199996948242,9.96074867248535,0.17155447602272,54.5,
5,1976,113.400001525879,9.99322700500488,0.173279613256454,57.5999984741211,
5,1977,117.300003051758,10.0280685424805,0.175004750490189,58.4000015258789,
5,1978,117.5,10.0632028579712,0.176729887723923,61.7000007629395,
5,1979,117.400001525879,10.0755081176758,0.178455039858818,64.4000015258789,
5,1980,118,10.0747632980347,0.180180177092552,67,
5,1981,116.400001525879,10.079571723938,0.176050052046776,80.0999984741211,
5,1982,114.699996948242,10.090163230896,0.171919927000999,85.5999984741211,
5,1983,114.099998474121,10.1200704574585,0.167789816856384,95.5999984741211,
5,1984,112.5,10.1815967559814,0.163659691810608,113.5,20.2999992370605
5,1985,111,10.2129173278809,0.159529566764832,118.599998474121,20.7999992370605
5,1986,108.5,10.268609046936,0.155399441719055,118.5,20.6000003814697
5,1987,109,10.3092288970947,0.151269316673279,122.699996948242,21.1000003814697
5,1988,104.800003051758,10.3553953170776,0.147139206528664,129.699996948242,20.7000007629395
5,1989,100.599998474121,10.3665237426758,0.143009081482887,142,19.7999992370605
5,1990,91.5,10.3493022918701,0.138878956437111,171.199996948242,19.7999992370605
5,1991,86.6999969482422,10.3241367340088,,175.600006103516,18.7000007629395
5,1992,83.5,10.3438425064087,,193.5,18.2999992370605
5,1993,79.0999984741211,10.3435440063477,,202.300003051758,17.8999996185303
5,1994,76.5999984741211,10.3612985610962,,205.600006103516,17.8999996185303
5,1995,79.3000030517578,10.4510021209717,,205.399993896484,17.6000003814697
5,1996,76,10.474494934082,,206.300003051758,17.2000007629395
5,1997,75.9000015258789,10.4866170883179,,208.5,17.5
5,1998,75.5,,,217.899993896484,
5,1999,73.4000015258789,,,236.5,
5,2000,71.4000015258789,,,312.299987792969,
6,1970,155,,0.173357665538788,39,
6,1971,161.100006103516,,0.175887212157249,41.2999992370605,
6,1972,156.300003051758,9.90993022918701,0.178416773676872,44.7000007629395,
6,1973,154.699996948242,9.94817733764648,0.180946320295334,44,
6,1974,151.300003051758,9.91825771331787,0.183475881814957,44.2000007629395,
6,1975,147.600006103516,9.88753128051758,0.186005428433418,45.9000015258789,
6,1976,153,9.92068481445312,0.18853497505188,50.0999984741211,
6,1977,153.300003051758,9.93377876281738,0.191064536571503,51.7000007629395,
6,1978,155.5,9.94412708282471,0.193594083189964,58.7000007629395,
6,1979,150.199996948242,9.92610359191895,0.196123644709587,60,
6,1980,150.5,9.91374397277832,0.198653191328049,62.7000007629395,
6,1981,152.600006103516,9.90139293670654,0.193546012043953,66,
6,1982,154.100006103516,9.90433692932129,0.188438847661018,74.0999984741211,
6,1983,149.600006103516,9.9345760345459,0.183331668376923,82,
6,1984,144,9.96228218078613,0.178224503993988,91.0999984741211,26.6000003814697
6,1985,144.5,9.99633407592773,0.173117324709892,98.6999969482422,26.2000007629395
6,1986,142.399993896484,10.0320920944214,0.168010145425797,105.199996948242,26
6,1987,141,10.0485706329346,0.162902981042862,111.400001525879,25.8999996185303
6,1988,137.100006103516,10.0777215957642,0.157795801758766,119.300003051758,25.7000007629395
6,1989,131.699996948242,10.1036052703857,0.152688637375832,124,24.8999996185303
6,1990,127.199996948242,10.0948038101196,0.147581458091736,140,25.7999992370605
6,1991,118.800003051758,10.0830640792847,,143.199996948242,24.8999996185303
6,1992,120,10.0914640426636,,174.699996948242,25.2000007629395
6,1993,123.800003051758,10.0920829772949,,187.899993896484,26.2000007629395
6,1994,126.099998474121,10.1312465667725,,152.5,25.8999996185303
6,1995,127.199996948242,10.2296533584595,,160.699996948242,24.6000003814697
6,1996,128.300003051758,10.2623929977417,,169.100006103516,24.6000003814697
6,1997,124.099998474121,10.2616777420044,,171.899993896484,24.8999996185303
6,1998,132.800003051758,,,179.199996948242,
6,1999,139.5,,,198.300003051758,
6,2000,140.699996948242,,,276.200012207031,
7,1970,109.900001525879,,0.187445506453514,34.2999992370605,
7,1971,115.699996948242,,0.187866255640984,35.7999992370605,
7,1972,117,9.63889026641846,0.188286989927292,40.9000015258789,
7,1973,119.800003051758,9.68486499786377,0.188707739114761,42.4000015258789,
7,1974,123.699996948242,9.65998077392578,0.18912847340107,42.4000015258789,
7,1975,122.900001525879,9.62960910797119,0.189549222588539,44.5,
7,1976,125.900001525879,9.67142963409424,0.189969971776009,47.9000015258789,
7,1977,127.900001525879,9.69333744049072,0.190390706062317,49.5,
7,1978,130.600006103516,9.73665142059326,0.190811455249786,54.7000007629395,
7,1979,131,9.72930240631104,0.191232189536095,56.5999984741211,
7,1980,134,9.70144462585449,0.191652938723564,59.2999992370605,
7,1981,131.699996948242,9.70494365692139,0.187975734472275,62.5999984741211,
7,1982,131.199996948242,9.70734405517578,0.184298530220985,67.8000030517578,
7,1983,128.600006103516,9.7557315826416,0.180621325969696,78.9000015258789,
7,1984,126.300003051758,9.82548999786377,0.176944121718407,86.8000030517578,21.2999992370605
7,1985,128.800003051758,9.86212730407715,0.173266917467117,90.6999969482422,21.3999996185303
7,1986,129,9.91380882263184,0.169589728116989,100.099998474121,22.1000003814697
7,1987,129.300003051758,9.9307975769043,0.1659125238657,103.900001525879,22.2999992370605
7,1988,124.099998474121,9.95286273956299,0.16223531961441,109.199996948242,21.7000007629395
7,1989,117.099998474121,9.95390892028809,0.158558115363121,122.400001525879,21.5
7,1990,113.800003051758,9.95329761505127,0.154880911111832,132.300003051758,22.2999992370605
7,1991,109.599998474121,9.94186496734619,,138.199996948242,21.2000007629395
7,1992,109.199996948242,9.95856475830078,,159.5,21.6000003814697
7,1993,109.199996948242,9.96787261962891,,167.199996948242,21.7000007629395
7,1994,107.800003051758,9.99823951721191,,147.800003051758,21.3999996185303
7,1995,100.300003051758,10.055438041687,,153.800003051758,21.5
7,1996,102.699996948242,10.0797710418701,,156.100006103516,22
7,1997,100.599998474121,10.0814075469971,,158.899993896484,21.6000003814697
7,1998,100.5,,,168.699996948242,
7,1999,97.0999984741211,,,188,
7,2000,88.4000015258789,,,257.399993896484,
8,1970,102.400001525879,,0.178120613098145,33.7999992370605,
8,1971,108.5,,0.176092445850372,33.5999984741211,
8,1972,126.099998474121,9.65183925628662,0.174064293503761,33.7000007629395,
8,1973,121.800003051758,9.72105121612549,0.172036126255989,36.2999992370605,
8,1974,125.599998474121,9.746262550354,0.170007959008217,38,
8,1975,123.300003051758,9.69220066070557,0.167979806661606,40.2999992370605,
8,1976,125.099998474121,9.73110103607178,0.165951639413834,42.5,
8,1977,125,9.72650718688965,0.163923472166061,45.5999984741211,
8,1978,122.800003051758,9.76893329620361,0.161895304918289,51.5,
8,1979,117.5,9.73733615875244,0.159867152571678,55.4000015258789,
8,1980,115.199996948242,9.71149635314941,0.157838985323906,56.4000015258789,
8,1981,114.099998474121,9.68489837646484,0.15638342499733,59.2000007629395,
8,1982,111.5,9.64525699615479,0.154927849769592,67.5999984741211,
8,1983,111.300003051758,9.69454383850098,0.153472289443016,76.5,
8,1984,103.599998474121,9.70731639862061,0.152016714215279,88.5,23.2000007629395
8,1985,100.699996948242,9.715256690979,0.150561153888702,97.5999984741211,22.2999992370605
8,1986,96.6999969482422,9.73621368408203,0.149105593562126,99.9000015258789,22.5
8,1987,95,9.74072265625,0.147650018334389,107.099998474121,22
8,1988,84.5,9.76600360870361,0.146194458007812,121.900001525879,21.1000003814697
8,1989,78.4000015258789,9.82792663574219,0.144738882780075,133.600006103516,21.6000003814697
8,1990,90.0999984741211,9.83992767333984,0.143283322453499,141.300003051758,22.8999996185303
8,1991,85.4000015258789,9.8350944519043,,144.399993896484,22.2000007629395
8,1992,85.0999984741211,9.85614967346191,,167.199996948242,22.6000003814697
8,1993,86.6999969482422,9.87736320495605,,171.199996948242,21.7999992370605
8,1994,93,9.90307903289795,,150.5,21.3999996185303
8,1995,78.1999969482422,9.91967868804932,,163.5,20.1000003814697
8,1996,73.5999984741211,9.93363380432129,,176.5,20.6000003814697
8,1997,75,9.92195224761963,,184.399993896484,20.1000003814697
8,1998,78.9000015258789,,,187.100006103516,
8,1999,75.0999984741211,,,210.699996948242,
8,2000,66.9000015258789,,,275.899993896484,
9,1970,124.800003051758,,0.166966691613197,41.4000015258789,
9,1971,125.599998474121,,0.168997600674629,41.4000015258789,
9,1972,126.599998474121,9.90816116333008,0.171028509736061,41.9000015258789,
9,1973,124.400001525879,9.96159648895264,0.173059403896332,41,
9,1974,131.899993896484,9.94631481170654,0.175090312957764,41.9000015258789,
9,1975,131.800003051758,9.93418979644775,0.177121222019196,45.2000007629395,
9,1976,134.399993896484,9.96549797058105,0.179152131080627,48.4000015258789,
9,1977,134,9.99694919586182,0.181183040142059,49.4000015258789,
9,1978,136.699996948242,10.0236034393311,0.18321393430233,54.5999984741211,
9,1979,135.300003051758,10.0136747360229,0.185244843363762,56.7999992370605,
9,1980,135.199996948242,9.96217250823975,0.187275752425194,60,
9,1981,133,9.96501731872559,0.183027103543282,63.0999984741211,
9,1982,130.699996948242,9.94497871398926,0.178778469562531,69.5999984741211,
9,1983,127.900001525879,9.95480346679688,0.174529820680618,80.8000030517578,
9,1984,124,10.0031442642212,0.170281186699867,89.5999984741211,24.6000003814697
9,1985,121.599998474121,10.0208187103271,0.166032537817955,96.6999969482422,24.2999992370605
9,1986,118.199996948242,10.0552997589111,0.161783888936043,108.400001525879,24.7000007629395
9,1987,109.5,10.0677547454834,0.157535254955292,116.199996948242,25.1000003814697
9,1988,107.599998474121,10.0879564285278,0.15328660607338,124.099998474121,25
9,1989,104.599998474121,10.1139068603516,0.149037972092628,132.699996948242,24.3999996185303
9,1990,94.0999984741211,10.1167488098145,0.144789323210716,147.300003051758,25.7000007629395
9,1991,96.0999984741211,10.0982389450073,,154,24.3999996185303
9,1992,94.8000030517578,10.1232872009277,,179.800003051758,23.7999992370605
9,1993,94.5999984741211,10.1278343200684,,187.5,23.5
9,1994,85.6999969482422,10.1541919708252,,182.100006103516,23.6000003814697
9,1995,84.3000030517578,10.2003545761108,,185.199996948242,23.2000007629395
9,1996,81.8000030517578,10.2242441177368,,188.699996948242,22.8999996185303
9,1997,79.5999984741211,10.2365856170654,,198.699996948242,22.8999996185303
9,1998,80.3000030517578,,,202.300003051758,
9,1999,72.1999969482422,,,240.5,
9,2000,70,,,312.700012207031,
10,1970,134.600006103516,,0.176515877246857,30.6000003814697,
10,1971,139.300003051758,,0.177971750497818,32.2000007629395,
10,1972,149.199996948242,9.73187255859375,0.17942763864994,32.5,
10,1973,156,9.80688285827637,0.180883526802063,32.9000015258789,
10,1974,159.600006103516,9.76318454742432,0.182339400053024,34.5,
10,1975,162.399993896484,9.74366092681885,0.183795273303986,36.7000007629395,
10,1976,166.600006103516,9.79875469207764,0.185251161456108,38.7000007629395,
10,1977,173,9.83331489562988,0.186707049608231,40.5999984741211,
10,1978,150.899993896484,9.86523246765137,0.188162922859192,50,
10,1979,148.899993896484,9.85148906707764,0.189618796110153,52.5,
10,1980,146.899993896484,9.7957763671875,0.191074684262276,53.7000007629395,
10,1981,148.5,9.7881498336792,0.187078431248665,58.2999992370605,
10,1982,147.699996948242,9.7577543258667,0.183082163333893,65.0999984741211,
10,1983,143,9.77505779266357,0.179085910320282,75.6999969482422,
10,1984,137.800003051758,9.82945728302002,0.175089657306671,85.1999969482422,22
10,1985,135.300003051758,9.8443021774292,0.17109340429306,88.8000030517578,22
10,1986,137.600006103516,9.88223171234131,0.167097136378288,93.5999984741211,22.1000003814697
10,1987,134,9.89704322814941,0.163100883364677,100.099998474121,21.8999996185303
10,1988,134,9.9150447845459,0.159104630351067,109.300003051758,21.8999996185303
10,1989,132.5,9.9365816116333,0.155108362436295,119,21.5
10,1990,128.300003051758,9.93514156341553,0.151112109422684,130.800003051758,22.3999996185303
10,1991,127.199996948242,9.92108249664307,,135.800003051758,21.6000003814697
10,1992,128.199996948242,9.95379734039307,,153.5,20.7000007629395
10,1993,126.800003051758,9.96563339233398,,157.5,20.5
10,1994,128.199996948242,10.0013475418091,,146.600006103516,20.6000003814697
10,1995,135.399993896484,10.0437107086182,,146.300003051758,20.1000003814697
10,1996,135.100006103516,10.060887336731,,147.800003051758,20.2999992370605
10,1997,135.300003051758,10.0521144866943,,156.300003051758,20.2999992370605
10,1998,135.899993896484,,,166.800003051758,
10,1999,133.300003051758,,,190,
10,2000,125.5,,,260.200012207031,
11,1970,108.5,,0.168849557638168,37.7000007629395,
11,1971,108.400001525879,,0.170838996767998,38.5,
11,1972,109.400001525879,9.73026466369629,0.172828450798988,41.9000015258789,
11,1973,110.599998474121,9.85837173461914,0.174817889928818,41.9000015258789,
11,1974,116.099998474121,9.78827667236328,0.176807329058647,43.2000007629395,
11,1975,120.5,9.80028820037842,0.178796768188477,45.4000015258789,
11,1976,124.400001525879,9.80333232879639,0.180786222219467,47.7999992370605,
11,1977,125.5,9.83932018280029,0.182775661349297,49.4000015258789,
11,1978,127.099998474121,9.91418361663818,0.184765100479126,54.5999984741211,
11,1979,124.199996948242,9.88105297088623,0.186754554510117,56.4000015258789,
11,1980,124.599998474121,9.81010246276855,0.188743993639946,58.7999992370605,
11,1981,132.899993896484,9.83868408203125,0.18403522670269,61.4000015258789,
11,1982,116.199996948242,9.7953052520752,0.179326459765434,72.8000030517578,
11,1983,115.599998474121,9.78357219696045,0.17461770772934,84,
11,1984,111.199996948242,9.83158206939697,0.169908940792084,93.3000030517578,23.8999996185303
11,1985,109.400001525879,9.83934497833252,0.165200173854828,99.5,22.8999996185303
11,1986,104.099998474121,9.8702335357666,0.160491406917572,104.800003051758,23.2999992370605
11,1987,101.099998474121,9.88794422149658,0.155782639980316,117.099998474121,23.1000003814697
11,1988,100.199996948242,9.87557125091553,0.151073887944221,124.199996948242,23
11,1989,94.4000015258789,9.91592407226562,0.146365121006966,145.100006103516,22.7000007629395
11,1990,95.4000015258789,9.92780590057373,0.14165635406971,149.600006103516,23.6000003814697
11,1991,97.0999984741211,9.91110897064209,,155.399993896484,23.5
11,1992,95.1999969482422,9.94248104095459,,178.5,23.2999992370605
11,1993,92.5,9.92098331451416,,189.699996948242,23
11,1994,93.4000015258789,9.99686717987061,,171.399993896484,23.2999992370605
11,1995,93,10.0018491744995,,179,22.7000007629395
11,1996,94,10.0490055084229,,183.800003051758,23.1000003814697
11,1997,93.9000015258789,10.0492830276489,,189.300003051758,23.2999992370605
11,1998,94,,,193.800003051758,
11,1999,91.6999969482422,,,213,
11,2000,88.9000015258789,,,286.299987792969,
12,1970,114,,0.180524677038193,34.2000007629395,
12,1971,102.800003051758,,0.181550040841103,38.9000015258789,
12,1972,111,9.76811790466309,0.182575404644012,38.7999992370605,
12,1973,115.199996948242,9.83822917938232,0.183600783348083,39.2999992370605,
12,1974,118.599998474121,9.81089687347412,0.184626147150993,40.2000007629395,
12,1975,123.400001525879,9.800612449646,0.185651510953903,42.7000007629395,
12,1976,127.699996948242,9.83062553405762,0.186676874756813,46.5999984741211,
12,1977,127.900001525879,9.84807682037354,0.187702238559723,48.0999984741211,
12,1978,127.099998474121,9.8756046295166,0.188727617263794,52.5999984741211,
12,1979,126.400001525879,9.9037971496582,0.189752981066704,54.7999992370605,
12,1980,127.099998474121,9.8624439239502,0.190778344869614,58.2999992370605,
12,1981,132,9.87717914581299,0.185729414224625,59.7999992370605,
12,1982,130.899993896484,9.88130378723145,0.180680498480797,65.0999984741211,
12,1983,127.599998474121,9.88556575775146,0.175631582736969,77,
12,1984,121.699996948242,9.91646480560303,0.17058265209198,91,20.7000007629395
12,1985,115.699996948242,9.93594837188721,0.165533721446991,97.5,20.1000003814697
12,1986,109.400001525879,9.96141815185547,0.160484805703163,103,19.8999996185303
12,1987,105.199996948242,9.96282005310059,0.155435889959335,114.5,19.7000007629395
12,1988,103.199996948242,9.96970272064209,0.150386959314346,123.900001525879,19.2999992370605
12,1989,96.5,9.96295261383057,0.145338028669357,136.5,19.3999996185303
12,1990,94.3000030517578,9.98366641998291,0.140289112925529,145.800003051758,19.7000007629395
12,1991,91.8000030517578,9.97641754150391,,152.699996948242,20
12,1992,90,9.99826717376709,,174.199996948242,19.2000007629395
12,1993,89.9000015258789,10.0020694732666,,174.199996948242,19.3999996185303
12,1994,89.0999984741211,10.0265789031982,,159.600006103516,19.5
12,1995,90.0999984741211,10.0449542999268,,165.699996948242,19.1000003814697
12,1996,88.6999969482422,10.0764055252075,,167.699996948242,18.8999996185303
12,1997,89.1999969482422,10.0871410369873,,171.300003051758,19.7000007629395
12,1998,87.5999984741211,,,184.300003051758,
12,1999,83.3000030517578,,,207,
12,2000,79.8000030517578,,,271.200012207031,
13,1970,155.800003051758,,0.181310147047043,28.2999992370605,
13,1971,163.5,,0.182299584150314,30.1000003814697,
13,1972,179.399993896484,9.54748249053955,0.183289036154747,30.6000003814697,
13,1973,201.899993896484,9.59811496734619,0.18427848815918,30.6000003814697,
13,1974,212.399993896484,9.60052490234375,0.185267925262451,31.5,
13,1975,223,9.57932376861572,0.186257362365723,33.2999992370605,
13,1976,230.899993896484,9.62485694885254,0.187246814370155,36,
13,1977,229.399993896484,9.6726655960083,0.188236266374588,36.9000015258789,
13,1978,224.699996948242,9.70374298095703,0.189225703477859,41.4000015258789,
13,1979,214.899993896484,9.70250988006592,0.190215140581131,43.4000015258789,
13,1980,215.300003051758,9.66135883331299,0.191204592585564,46.2999992370605,
13,1981,209.699996948242,9.66557216644287,0.187253460288048,49.4000015258789,
13,1982,210.600006103516,9.65425968170166,0.183302342891693,56.2999992370605,
13,1983,201.100006103516,9.64276504516602,0.179351210594177,66.4000015258789,
13,1984,183.199996948242,9.69955539703369,0.175400078296661,75.4000015258789,18.5
13,1985,182.399993896484,9.70363140106201,0.171448945999146,79.3000030517578,18.8999996185303
13,1986,179.800003051758,9.7299165725708,0.167497828602791,85.4000015258789,19.2000007629395
13,1987,171.199996948242,9.73972511291504,0.163546696305275,90.5,19
13,1988,173.199996948242,9.75857925415039,0.159595564007759,94.4000015258789,19.1000003814697
13,1989,171.600006103516,9.78734111785889,0.155644446611404,103.800003051758,18.2999992370605
13,1990,182.5,9.80460071563721,0.151693314313889,115.599998474121,20.1000003814697
13,1991,170.399993896484,9.80898094177246,,120.5,19.3999996185303
13,1992,167.600006103516,9.84168910980225,,135.800003051758,19
13,1993,167.600006103516,9.8432502746582,,145.399993896484,19.2999992370605
13,1994,170.100006103516,9.86839962005615,,132.800003051758,19.6000003814697
13,1995,175.300003051758,9.90347576141357,,134.800003051758,18.8999996185303
13,1996,179,9.92748737335205,,139.800003051758,19.1000003814697
13,1997,186.800003051758,9.93217849731445,,145.600006103516,19.2999992370605
13,1998,171.300003051758,,,155.699996948242,
13,1999,165.300003051758,,,179.199996948242,
13,2000,156.199996948242,,,243.399993896484,
14,1970,115.900001525879,,0.185185179114342,34.2999992370605,
14,1971,119.800003051758,,0.186780780553818,39.2999992370605,
14,1972,125.300003051758,9.51736450195312,0.188376381993294,40,
14,1973,126.699996948242,9.56411075592041,0.189971998333931,39.9000015258789,
14,1974,129.899993896484,9.57981967926025,0.191567599773407,41.5999984741211,
14,1975,133.600006103516,9.58520793914795,0.193163201212883,44.2999992370605,
14,1976,139.600006103516,9.64432907104492,0.194758802652359,48.0999984741211,
14,1977,140,9.67907810211182,0.196354404091835,48.9000015258789,
14,1978,142.699996948242,9.73168087005615,0.197950020432472,54.2000007629395,
14,1979,140.100006103516,9.73777484893799,0.199545621871948,57.0999984741211,
14,1980,143.800003051758,9.73949146270752,0.201141223311424,60,
14,1981,144,9.765061378479,0.196343153715134,62.5999984741211,
14,1982,143.899993896484,9.75312614440918,0.191545069217682,70.3000030517578,
14,1983,133.699996948242,9.74686145782471,0.186746999621391,80.6999969482422,
14,1984,128.899993896484,9.76068115234375,0.18194891512394,90.6999969482422,23.7999992370605
14,1985,125,9.76165962219238,0.177150845527649,103,23
14,1986,121.199996948242,9.74059391021729,0.172352775931358,105.099998474121,23.7000007629395
14,1987,116.5,9.71669864654541,0.167554691433907,117.800003051758,24.2999992370605
14,1988,110.900001525879,9.74410533905029,0.162756621837616,120.400001525879,24.6000003814697
14,1989,103.599998474121,9.75006580352783,0.157958537340164,130.699996948242,24.3999996185303
14,1990,101.5,9.770263671875,0.153160467743874,143.399993896484,26.3999996185303
14,1991,107.199996948242,9.78442287445068,,149.600006103516,26.1000003814697
14,1992,108.5,9.80556678771973,,178.100006103516,26.7000007629395
14,1993,106.199996948242,9.82153606414795,,180.5,26.5
14,1994,105.300003051758,9.86099338531494,,157.399993896484,27.1000003814697
14,1995,105.699996948242,9.91052722930908,,155.800003051758,26.1000003814697
14,1996,106.800003051758,9.92366409301758,,165.300003051758,26.5
14,1997,105.300003051758,9.92650890350342,,166.899993896484,26.7000007629395
14,1998,103.199996948242,,,185.899993896484,
14,1999,101,,,208,
14,2000,104.300003051758,,,281.200012207031,
15,1970,128.5,,0.16901408135891,38,
15,1971,133.199996948242,,0.17033489048481,38.7999992370605,
15,1972,136.5,9.59714031219482,0.171655714511871,41.5,
15,1973,138,9.64728546142578,0.172976523637772,41,
15,1974,142.100006103516,9.63623428344727,0.174297332763672,41.7999992370605,
15,1975,140.699996948242,9.60089015960693,0.175618141889572,46.7000007629395,
15,1976,144.899993896484,9.67168712615967,0.176938965916634,49.9000015258789,
15,1977,145.600006103516,9.67842102050781,0.178259775042534,50.9000015258789,
15,1978,143.899993896484,9.69880771636963,0.179580584168434,55,
15,1979,138.5,9.69419384002686,0.180901408195496,54.5,
15,1980,141.199996948242,9.6830530166626,0.182222217321396,59,
15,1981,138.899993896484,9.67944622039795,0.178096577525139,62.9000015258789,
15,1982,139.5,9.68356513977051,0.173970937728882,69.6999969482422,
15,1983,135.399993896484,9.72402477264404,0.169845312833786,80.8000030517578,
15,1984,135.5,9.7747631072998,0.165719673037529,93.6999969482422,22.1000003814697
15,1985,127.900001525879,9.80765914916992,0.161594033241272,98.0999984741211,22.2000007629395
15,1986,119,9.87409019470215,0.157468393445015,112.699996948242,22.3999996185303
15,1987,125,9.9113073348999,0.153342753648758,121.199996948242,22.6000003814697
15,1988,125,9.94421577453613,0.149217128753662,129,22.8999996185303
15,1989,122.400001525879,9.96707916259766,0.145091488957405,144.399993896484,21.7999992370605
15,1990,117.5,9.94972896575928,0.140965849161148,160.100006103516,22.1000003814697
15,1991,116.099998474121,9.92443466186523,,165.800003051758,21.5
15,1992,114.5,9.94213199615479,,187.699996948242,20.7999992370605
15,1993,108.5,9.94565486907959,,192.600006103516,20.6000003814697
15,1994,101.599998474121,9.96264934539795,,178.300003051758,20.2999992370605
15,1995,102.300003051758,9.96905612945557,,184.899993896484,21.1000003814697
15,1996,100,9.98724460601807,,186.899993896484,21.2999992370605
15,1997,101.099998474121,9.99582862854004,,190.199996948242,21
15,1998,94.5,,,219.600006103516,
15,1999,85.5,,,267.799987792969,
15,2000,82.9000015258789,,,330.5,
16,1970,104.300003051758,,0.174724116921425,39.0999984741211,
16,1971,116.400001525879,,0.176731586456299,40.0999984741211,
16,1972,96.8000030517578,9.76518821716309,0.178739055991173,45.2000007629395,
16,1973,106.800003051758,9.86204528808594,0.180746525526047,45.5999984741211,
16,1974,110.599998474121,9.82834243774414,0.182753995060921,47,
16,1975,111.5,9.80163192749023,0.184761464595795,49.4000015258789,
16,1976,116.699996948242,9.82493019104004,0.18676894903183,52.0999984741211,
16,1977,117.199996948242,9.87597846984863,0.188776418566704,53.0999984741211,
16,1978,118.900001525879,9.91344165802002,0.190783888101578,57.9000015258789,
16,1979,118.300003051758,9.90916061401367,0.192791357636452,60.9000015258789,
16,1980,117.699996948242,9.87748336791992,0.194798827171326,63,
16,1981,120.800003051758,9.86799621582031,0.189215153455734,65.8000030517578,
16,1982,119.400001525879,9.86318588256836,0.183631494641304,71.6999969482422,
16,1983,113.199996948242,9.87460613250732,0.178047820925713,87.3000030517578,
16,1984,110.800003051758,9.95092296600342,0.172464162111282,99.1999969482422,23.5
16,1985,113,9.96896934509277,0.166880488395691,101.5,23
16,1986,104.300003051758,10.005521774292,0.161296814680099,116.300003051758,23
16,1987,108.800003051758,10.0237684249878,0.155713155865669,120.099998474121,23.2000007629395
16,1988,94.0999984741211,10.0166110992432,0.150129482150078,141.699996948242,22.8999996185303
16,1989,92.3000030517578,10.0474081039429,0.144545823335648,152.5,22.5
16,1990,90.6999969482422,10.0463953018188,0.138962149620056,162.300003051758,23.2000007629395
16,1991,86.1999969482422,10.0313940048218,,173.899993896484,22.7000007629395
16,1992,83.8000030517578,10.0633459091187,,197.699996948242,22
16,1993,81.5999984741211,10.0581836700439,,215.600006103516,21.8999996185303
16,1994,83.4000015258789,10.0950231552124,,196.100006103516,22.5
16,1995,84.0999984741211,10.1487846374512,,202.199996948242,22.1000003814697
16,1996,81.6999969482422,10.1889457702637,,208.600006103516,22.3999996185303
16,1997,84.0999984741211,10.1754417419434,,216.800003051758,22.2000007629395
16,1998,83.1999969482422,,,220.199996948242,
16,1999,80.6999969482422,,,227.399993896484,
16,2000,76,,,303.600006103516,
17,1970,93.4000015258789,,0.183130353689194,36.2000007629395,
17,1971,105.400001525879,,0.184373050928116,37.5,
17,1972,112.099998474121,9.3974494934082,0.185615748167038,37.4000015258789,
17,1973,115,9.45706272125244,0.18685844540596,37.2999992370605,
17,1974,117.099998474121,9.43639278411865,0.188101142644882,41.4000015258789,
17,1975,116.800003051758,9.41360282897949,0.189343839883804,43,
17,1976,120.900001525879,9.47799110412598,0.190586522221565,46.4000015258789,
17,1977,122.099998474121,9.51637172698975,0.191829219460487,48.7999992370605,
17,1978,124.900001525879,9.54033470153809,0.193071916699409,53.5999984741211,
17,1979,123.900001525879,9.55296993255615,0.194314613938332,56.5,
17,1980,127,9.50354290008545,0.195557311177254,59.7000007629395,
17,1981,125.300003051758,9.51244926452637,0.192040771245956,63,
17,1982,125.800003051758,9.49824714660645,0.188524231314659,69.1999969482422,
17,1983,122.300003051758,9.50447940826416,0.185007691383362,78.5999984741211,
17,1984,116.400001525879,9.54590320587158,0.181491151452065,89,20.1000003814697
17,1985,115.300003051758,9.55373668670654,0.177974611520767,96.4000015258789,20.6000003814697
17,1986,113.199996948242,9.57647705078125,0.174458086490631,106,21.5
17,1987,110,9.59951305389404,0.170941546559334,115.800003051758,21.6000003814697
17,1988,109,9.62728595733643,0.167425006628036,122.599998474121,21.8999996185303
17,1989,108.300003051758,9.64364147186279,0.163908466696739,125.800003051758,21.6000003814697
17,1990,101.800003051758,9.64460849761963,0.160391926765442,139.899993896484,23.2999992370605
17,1991,105.599998474121,9.65297317504883,,142.699996948242,22.8999996185303
17,1992,103.900001525879,9.68497753143311,,160.800003051758,23.5
17,1993,105.400001525879,9.70104503631592,,177.800003051758,23.8999996185303
17,1994,106,9.75193881988525,,156.899993896484,24.5
17,1995,107.5,9.78532886505127,,153.899993896484,24
17,1996,106.900001525879,9.80886840820312,,161.199996948242,24.2999992370605
17,1997,106.300003051758,9.803786277771,,168.600006103516,24.3999996185303
17,1998,107,,,175.800003051758,
17,1999,103.900001525879,,,199.5,
17,2000,97.1999969482422,,,272,
18,1970,121.300003051758,,0.167592987418175,36,
18,1971,127.599998474121,,0.169259563088417,36.7999992370605,
18,1972,130,9.73335361480713,0.170926123857498,37.7000007629395,
18,1973,132.100006103516,9.78075218200684,0.17259269952774,37.7000007629395,
18,1974,135.399993896484,9.73901462554932,0.174259275197983,38,
18,1975,135.600006103516,9.73081016540527,0.175925850868225,43.5,
18,1976,139.5,9.76945400238037,0.177592411637306,44.7000007629395,
18,1977,140.800003051758,9.8080415725708,0.179258987307549,45.9000015258789,
18,1978,141.800003051758,9.84476375579834,0.180925562977791,49.9000015258789,
18,1979,140.199996948242,9.84752559661865,0.182592123746872,52.2000007629395,
18,1980,142.100006103516,9.80104732513428,0.184258699417114,57.2999992370605,
18,1981,140.5,9.8103666305542,0.179832503199577,59.9000015258789,
18,1982,139.699996948242,9.8026876449585,0.175406292080879,64.6999969482422,
18,1983,134.100006103516,9.82930088043213,0.170980095863342,74.8000030517578,
18,1984,130,9.88151264190674,0.166553884744644,84.8000030517578,23.7000007629395
18,1985,129.199996948242,9.91329193115234,0.162127688527107,93.6999969482422,23.7000007629395
18,1986,128.800003051758,9.94677639007568,0.15770149230957,101.900001525879,24.2000007629395
18,1987,128.699996948242,9.95327758789062,0.153275281190872,108.5,24.2000007629395
18,1988,127.400001525879,9.95825862884521,0.148849084973335,114.599998474121,23.6000003814697
18,1989,122.800003051758,9.97225856781006,0.144422873854637,118.900001525879,23.6000003814697
18,1990,119.099998474121,9.97040462493896,0.1399966776371,129.100006103516,24.2999992370605
18,1991,119.900001525879,9.9682035446167,,132.5,23.8999996185303
18,1992,122.300003051758,9.98479843139648,,153.100006103516,23.7000007629395
18,1993,121.599998474121,9.98617649078369,,157.600006103516,23.6000003814697
18,1994,119.400001525879,10.0163564682007,,146.800003051758,24.2000007629395
18,1995,124,10.0539083480835,,150.300003051758,23.5
18,1996,124.099998474121,10.0767526626587,,159.800003051758,23.6000003814697
18,1997,120.599998474121,10.0714130401611,,163.399993896484,23.5
18,1998,120.099998474121,,,173.800003051758,
18,1999,118,,,197,
18,2000,113.800003051758,,,258.799987792969,
19,1970,111.199996948242,,0.175792500376701,34,
19,1971,115.599998474121,,0.177145898342133,34.7000007629395,
19,1972,122.199996948242,9.69464111328125,0.178499311208725,40.0999984741211,
19,1973,119.900001525879,9.77574253082275,0.179852724075317,40.9000015258789,
19,1974,121.900001525879,9.74003791809082,0.181206122040749,41.7999992370605,
19,1975,123.699996948242,9.72464656829834,0.18255952000618,43.7000007629395,
19,1976,124.900001525879,9.73079872131348,0.183912932872772,45.2999992370605,
19,1977,127,9.7327766418457,0.185266345739365,47.5999984741211,
19,1978,127.199996948242,9.8146505355835,0.186619743704796,51.9000015258789,
19,1979,120.300003051758,9.77862644195557,0.187973141670227,53.7000007629395,
19,1980,122,9.74337863922119,0.189326554536819,56.7000007629395,
19,1981,121.099998474121,9.75729370117188,0.183338716626167,60.4000015258789,
19,1982,122.400001525879,9.73567008972168,0.177350878715515,65.6999969482422,
19,1983,113.699996948242,9.74816036224365,0.171363040804863,77.1999969482422,
19,1984,110.099998474121,9.74522018432617,0.165375202894211,91.3000030517578,29.3999996185303
19,1985,103.599998474121,9.72940731048584,0.15938737988472,95.5,27.7999992370605
19,1986,97.8000030517578,9.77485275268555,0.153399541974068,102,27.3999996185303
19,1987,91.6999969482422,9.77811717987061,0.147411704063416,106.199996948242,27.2000007629395
19,1988,87.0999984741211,9.76514434814453,0.141423866152763,115.300003051758,27.6000003814697
19,1989,86.1999969482422,9.8151798248291,0.135436028242111,123,27.2000007629395
19,1990,84.6999969482422,9.80226993560791,0.129448190331459,140.399993896484,27.7999992370605
19,1991,82.9000015258789,9.83213043212891,,143.600006103516,28
19,1992,86.5999984741211,9.83870792388916,,163.5,27.7000007629395
19,1993,86,9.87049770355225,,179.399993896484,26.2000007629395
19,1994,88.1999969482422,9.87189960479736,,151.300003051758,26.6000003814697
19,1995,90.5,9.89127922058105,,155.399993896484,26.5
19,1996,87.3000030517578,9.90176010131836,,156.800003051758,26.7000007629395
19,1997,88.9000015258789,9.88604354858398,,164.899993896484,27
19,1998,89.0999984741211,,,175.399993896484,
19,1999,82.5999984741211,,,196.199996948242,
19,2000,75.5,,,260.700012207031,
20,1970,108.099998474121,,0.173737376928329,33.9000015258789,
20,1971,108.599998474121,,0.175217136740685,34.7000007629395,
20,1972,104.900001525879,9.74647521972656,0.176696911454201,41.0999984741211,
20,1973,106.599998474121,9.83529853820801,0.178176671266556,41.2000007629395,
20,1974,110.5,9.76638698577881,0.179656445980072,42,
20,1975,114.099998474121,9.79755401611328,0.181136205792427,44.5999984741211,
20,1976,118.099998474121,9.78797435760498,0.182615965604782,46.7999992370605,
20,1977,117.699996948242,9.80112648010254,0.184095740318298,48.0999984741211,
20,1978,117.400001525879,9.87945747375488,0.185575500130653,53.5999984741211,
20,1979,116.099998474121,9.84717273712158,0.18705527484417,55.4000015258789,
20,1980,116.300003051758,9.77238082885742,0.188535034656525,59.5,
20,1981,117,9.81427001953125,0.18354794383049,60.9000015258789,
20,1982,117.099998474121,9.79947757720947,0.178560853004456,69.6999969482422,
20,1983,110.800003051758,9.80298805236816,0.173573762178421,83.6999969482422,
20,1984,107.699996948242,9.853515625,0.168586671352386,94.8000030517578,25.3999996185303
20,1985,105.099998474121,9.87553119659424,0.163599580526352,95.8000030517578,24.6000003814697
20,1986,103.099998474121,9.89688110351562,0.158612504601479,104,24.5
20,1987,101.300003051758,9.89998626708984,0.153625413775444,113.699996948242,24.7999992370605
20,1988,92.9000015258789,9.93532466888428,0.148638322949409,123.300003051758,24.2999992370605
20,1989,93.8000030517578,9.94136714935303,0.143651232123375,139.300003051758,24.1000003814697
20,1990,89.9000015258789,9.96817111968994,0.13866414129734,143.399993896484,25.2000007629395
20,1991,92.4000015258789,9.96508121490479,,152.199996948242,24.6000003814697
20,1992,90.5999984741211,9.99833011627197,,169.5,24.2000007629395
20,1993,91.0999984741211,9.99641513824463,,177.199996948242,24.2999992370605
20,1994,85.9000015258789,10.029956817627,,169.600006103516,24.7000007629395
20,1995,88.5,10.0317764282227,,170.699996948242,24.1000003814697
20,1996,86.1999969482422,10.0780572891235,,175.5,24.3999996185303
20,1997,85.5,10.0697641372681,,184.800003051758,24.3999996185303
20,1998,83.0999984741211,,,194.600006103516,
20,1999,86.5999984741211,,,214.600006103516,
20,2000,77.5999984741211,,,288.299987792969,
21,1970,189.5,,0.16155418753624,38.9000015258789,
21,1971,190.5,,0.163773775100708,44,
21,1972,198.600006103516,9.94423294067383,0.165993347764015,40.5999984741211,
21,1973,201.5,9.98063182830811,0.168212935328484,40.2999992370605,
21,1974,204.699996948242,9.92862319946289,0.170432507991791,41.9000015258789,
21,1975,205.199996948242,9.91545867919922,0.172652095556259,44.5,
21,1976,201.399993896484,9.95523071289062,0.174871683120728,44.9000015258789,
21,1977,190.800003051758,10.0006008148193,0.177091255784035,49.2999992370605,
21,1978,187,10.0698671340942,0.179310843348503,54.2999992370605,
21,1979,183.300003051758,10.0560741424561,0.18153041601181,57.0999984741211,
21,1980,177.699996948242,10.0342454910278,0.183750003576279,63.0999984741211,
21,1981,171.899993896484,10.0059633255005,0.178541943430901,63.2999992370605,
21,1982,165.100006103516,9.95686817169189,0.173333883285522,71.5999984741211,
21,1983,159.199996948242,9.96372509002686,0.168125823140144,81.9000015258789,
21,1984,136.600006103516,9.99421787261963,0.162917762994766,99.8000030517578,35.0999984741211
21,1985,146.699996948242,10.0256767272949,0.157709702849388,109.300003051758,35.7000007629395
21,1986,142.600006103516,10.0637292861938,0.15250164270401,106.599998474121,37.2000007629395
21,1987,147.699996948242,10.0772800445557,0.147293582558632,114,37.7000007629395
21,1988,141.899993896484,10.0981855392456,0.142085522413254,129.600006103516,39.2999992370605
21,1989,137.899993896484,10.1298322677612,0.136877462267876,145.600006103516,40.4000015258789
21,1990,137.300003051758,10.1211938858032,0.131669402122498,173.699996948242,40.2000007629395
21,1991,115.5,10.1055736541748,,186.300003051758,37.7000007629395
21,1992,110,10.1270952224731,,193.800003051758,36.4000015258789
21,1993,108.099998474121,10.1371250152588,,196.800003051758,35.0999984741211
21,1994,105.199996948242,10.1623945236206,,190.300003051758,35.0999984741211
21,1995,100.900001525879,10.1808090209961,,190.399993896484,34.2999992370605
21,1996,99,10.2067766189575,,195,35.2000007629395
21,1997,95.5999984741211,10.1864624023438,,198.5,34.4000015258789
21,1998,102.400001525879,,,200.600006103516,
21,1999,103.900001525879,,,225.800003051758,
21,2000,93.1999969482422,,,303.5,
22,1970,265.700012207031,,0.170731708407402,31.3999996185303,
22,1971,278,,0.172333896160126,34.0999984741211,
22,1972,296.200012207031,9.73637580871582,0.173936069011688,36.0999984741211,
22,1973,279,9.77494525909424,0.175538256764412,36.9000015258789,
22,1974,269.799987792969,9.74730777740479,0.177140429615974,37.9000015258789,
22,1975,269.100006103516,9.71885108947754,0.178742617368698,40.7999992370605,
22,1976,290.5,9.77704334259033,0.180344805121422,43.9000015258789,
22,1977,278.799987792969,9.8067626953125,0.181946977972984,45,
22,1978,269.600006103516,9.85316848754883,0.183549165725708,49.7000007629395,
22,1979,254.600006103516,9.86593341827393,0.185151338577271,53.2000007629395,
22,1980,247.800003051758,9.86069393157959,0.186753526329994,55.2999992370605,
22,1981,245.399993896484,9.86704254150391,0.182374835014343,58.4000015258789,
22,1982,239.800003051758,9.87624549865723,0.177996143698692,67,
22,1983,232.899993896484,9.94046783447266,0.173617467284203,74.6999969482422,
22,1984,215.100006103516,10.0068292617798,0.169238775968552,90.5,35.5999984741211
22,1985,201.100006103516,10.0613327026367,0.164860084652901,89.1999969482422,35.7000007629395
22,1986,195.899993896484,10.1261320114136,0.16048139333725,100,34.7000007629395
22,1987,195.100006103516,10.1462907791138,0.156102702021599,102,34.7000007629395
22,1988,180.399993896484,10.172269821167,0.151724025607109,113.5,34.0999984741211
22,1989,172.899993896484,10.1599092483521,0.147345334291458,125.900001525879,33.2999992370605
22,1990,152.399993896484,10.1227807998657,0.142966642975807,135.899993896484,32.9000015258789
22,1991,144.800003051758,10.1143102645874,,153.899993896484,32.9000015258789
22,1992,143.699996948242,10.1209697723389,,164.399993896484,32.2000007629395
22,1993,148.899993896484,10.1117553710938,,181.100006103516,32.4000015258789
22,1994,153.800003051758,10.1564655303955,,157.800003051758,31
22,1995,158.5,10.2132205963135,,163.899993896484,31
22,1996,158,10.2289543151855,,168.600006103516,31.1000003814697
22,1997,174.399993896484,10.230845451355,,176.600006103516,31.2999992370605
22,1998,173.800003051758,,,197,
22,1999,171.699996948242,,,222.800003051758,
22,2000,147.300003051758,,,313.899993896484,
23,1970,90,,0.184857428073883,39.7000007629395,
23,1971,92.5999984741211,,0.186095401644707,41.7000007629395,
23,1972,99.3000030517578,9.55778980255127,0.18733337521553,41.0999984741211,
23,1973,98.9000015258789,9.59271621704102,0.188571348786354,41.7999992370605,
23,1974,100.300003051758,9.58476638793945,0.189809322357178,43.7000007629395,
23,1975,103.099998474121,9.59688949584961,0.19104728102684,46.2999992370605,
23,1976,102.400001525879,9.63261795043945,0.192285254597664,49.5,
23,1977,102.400001525879,9.66996765136719,0.193523228168488,51.5999984741211,
23,1978,103.099998474121,9.7172966003418,0.194761201739311,56,
23,1979,101,9.69999694824219,0.195999175310135,57.5999984741211,
23,1980,102.699996948242,9.6777515411377,0.197237148880959,62.5999984741211,
23,1981,103,9.68082809448242,0.191505610942841,63,
23,1982,97.5,9.67859935760498,0.185774087905884,69.4000015258789,
23,1983,96.3000030517578,9.68648338317871,0.180042549967766,79.5999984741211,
23,1984,88.9000015258789,9.70786571502686,0.174311012029648,90.1999969482422,28.2999992370605
23,1985,88,9.73474979400635,0.168579488992691,97.5,28.7000007629395
23,1986,88.1999969482422,9.73690032958984,0.162847951054573,101.199996948242,27.8999996185303
23,1987,82.3000030517578,9.72916221618652,0.157116413116455,110.199996948242,27.7999992370605
23,1988,77.6999969482422,9.74326801300049,0.151384875178337,113.699996948242,27.2000007629395
23,1989,74.4000015258789,9.76006317138672,0.14565335214138,127.199996948242,27.8999996185303
23,1990,70.8000030517578,9.76591300964355,0.139921814203262,133.600006103516,27.2000007629395
23,1991,69.9000015258789,9.76803779602051,,146.899993896484,27.1000003814697
23,1992,71.4000015258789,9.78427886962891,,165.399993896484,26.7000007629395
23,1993,69,9.80623626708984,,172.199996948242,26.3999996185303
23,1994,68.1999969482422,9.82747173309326,,158.399993896484,25.3999996185303
23,1995,67,9.87193870544434,,163.5,27.3999996185303
23,1996,65.6999969482422,9.87876415252686,,170.800003051758,27.2000007629395
23,1997,61.7999992370605,9.86425971984863,,176,27
23,1998,62.5999984741211,,,183.800003051758,
23,1999,59.7000007629395,,,201.800003051758,
23,2000,53.7999992370605,,,279.799987792969,
24,1970,172.399993896484,,0.193548381328583,27.2999992370605,
24,1971,187.600006103516,,0.193676710128784,29.3999996185303,
24,1972,214.100006103516,9.59085845947266,0.193805038928986,28.7000007629395,
24,1973,226.5,9.64499473571777,0.193933367729187,28.8999996185303,
24,1974,227.300003051758,9.6212043762207,0.194061696529388,30.1000003814697,
24,1975,226,9.59067821502686,0.19419002532959,32.9000015258789,
24,1976,230.199996948242,9.63713550567627,0.194318369030952,35.7999992370605,
24,1977,217,9.65697479248047,0.194446697831154,36.5999984741211,
24,1978,205.5,9.69771003723145,0.194575026631355,41.7999992370605,
24,1979,197.300003051758,9.68135166168213,0.194703355431557,43.7000007629395,
24,1980,187.800003051758,9.65659999847412,0.194831684231758,47.2999992370605,
24,1981,179.300003051758,9.66178417205811,0.190966531634331,50,
24,1982,179,9.64922428131104,0.187101393938065,55.5,
24,1983,169.800003051758,9.69388675689697,0.183236241340637,66,
24,1984,160.600006103516,9.7537260055542,0.179371103644371,75,19.7999992370605
24,1985,156.300003051758,9.78175735473633,0.175505951046944,78.9000015258789,19.7000007629395
24,1986,154.399993896484,9.83036327362061,0.171640798449516,83.6999969482422,20
24,1987,150.5,9.85459327697754,0.16777566075325,90.5999984741211,20
24,1988,146,9.88255310058594,0.163910508155823,96,20.1000003814697
24,1989,139.300003051758,9.88928890228271,0.160045370459557,107.599998474121,20.2999992370605
24,1990,133.699996948242,9.90334129333496,0.156180217862129,116.400001525879,20.8999996185303
24,1991,132.699996948242,9.89385318756104,,126.599998474121,20.2000007629395
24,1992,128.899993896484,9.92310428619385,,145,20.7000007629395
24,1993,129.699996948242,9.94066333770752,,153.5,20.8999996185303
24,1994,112.699996948242,9.96693229675293,,135.899993896484,20.7999992370605
24,1995,124.900001525879,10.0218076705933,,142.300003051758,20.5
24,1996,129.699996948242,10.0451354980469,,145.600006103516,21.1000003814697
24,1997,125.599998474121,10.0512924194336,,152,21.2999992370605
24,1998,126,,,167.600006103516,
24,1999,113.099998474121,,,186.800003051758,
24,2000,109,,,257.299987792969,
25,1970,93.8000030517578,,0.184466019272804,37.2999992370605,
25,1971,98.5,,0.186386957764626,38.9000015258789,
25,1972,103.800003051758,9.69723510742188,0.188307881355286,38.9000015258789,
25,1973,108.699996948242,9.98416900634766,0.190228819847107,39.4000015258789,
25,1974,110.5,9.86430740356445,0.192149743437767,39.9000015258789,
25,1975,117.900001525879,9.80670356750488,0.194070681929588,42.5999984741211,
25,1976,125.400001525879,9.72550964355469,0.19599162042141,45.9000015258789,
25,1977,122.199996948242,9.69321823120117,0.19791254401207,47.4000015258789,
25,1978,121.900001525879,9.85966777801514,0.199833482503891,53.2000007629395,
25,1979,121.300003051758,9.78269290924072,0.201754406094551,55,
25,1980,123.699996948242,9.61050891876221,0.203675344586372,59.5999984741211,
25,1981,125.699996948242,9.76184844970703,0.197956874966621,62,
25,1982,126.800003051758,9.76491355895996,0.192238390445709,67.8000030517578,
25,1983,119.599998474121,9.79201126098633,0.186519920825958,77.9000015258789,
25,1984,109.400001525879,9.79562664031982,0.180801436305046,94.4000015258789,24
25,1985,103.199996948242,9.79351329803467,0.175082966685295,100.599998474121,23.1000003814697
25,1986,99.8000030517578,9.804612159729,0.169364497065544,104.199996948242,23
25,1987,92.3000030517578,9.78993511199951,0.163646012544632,110.300003051758,23.2999992370605
25,1988,87.0999984741211,9.69209575653076,0.157927542924881,123.300003051758,24.1000003814697
25,1989,84.0999984741211,9.78623104095459,0.152209058403969,135.899993896484,24.5
25,1990,77.0999984741211,9.84136009216309,0.146490588784218,144.300003051758,26.6000003814697
25,1991,85.1999969482422,9.81937694549561,,159.800003051758,26.1000003814697
25,1992,74.3000030517578,9.882981300354,,168.300003051758,25.3999996185303
25,1993,83,9.85310459136963,,177.600006103516,25.6000003814697
25,1994,81,9.91648578643799,,180.100006103516,25.7999992370605
25,1995,80.5999984741211,9.884033203125,,179.5,25.5
25,1996,80.8000030517578,9.96063613891602,,182.699996948242,26.6000003814697
25,1997,77.5,9.90854454040527,,194.100006103516,26.3999996185303
25,1998,79.0999984741211,,,205.199996948242,
25,1999,74.6999969482422,,,223.600006103516,
25,2000,72.5,,,297.5,
26,1970,121.599998474121,,0.173219487071037,36.5999984741211,
26,1971,124.599998474121,,0.174539878964424,38.0999984741211,
26,1972,124.400001525879,9.77957916259766,0.175860270857811,38.4000015258789,
26,1973,120.5,9.82663154602051,0.177180662751198,42,
26,1974,122.099998474121,9.81185340881348,0.178501054644585,42.9000015258789,
26,1975,122.5,9.78322982788086,0.179821446537971,46,
26,1976,124.599998474121,9.83185768127441,0.181141838431358,48.5,
26,1977,127.300003051758,9.87240219116211,0.182462230324745,49.7999992370605,
26,1978,131.300003051758,9.8993501663208,0.183782622218132,53.9000015258789,
26,1979,130.899993896484,9.8915901184082,0.185103014111519,56.2999992370605,
26,1980,133.5,9.85091114044189,0.186423406004906,58.7000007629395,
26,1981,132.800003051758,9.83551692962646,0.182279631495476,61.4000015258789,
26,1982,134,9.81544494628906,0.178135856986046,68.3000030517578,
26,1983,130,9.83649826049805,0.173992082476616,82.5,
26,1984,127.099998474121,9.88409423828125,0.169848307967186,89.1999969482422,24.8999996185303
26,1985,126.699996948242,9.90447616577148,0.165704518556595,92.1999969482422,24.2000007629395
26,1986,126.300003051758,9.93811225891113,0.161560744047165,98.0999984741211,23.3999996185303
26,1987,124.599998474121,9.9430627822876,0.157416969537735,102.199996948242,23.8999996185303
26,1988,122.400001525879,9.96859455108643,0.153273195028305,108.400001525879,23.7000007629395
26,1989,118.599998474121,9.97787094116211,0.149129420518875,120.5,23.8999996185303
26,1990,115.5,9.97772598266602,0.144985646009445,135.399993896484,23.8999996185303
26,1991,113.199996948242,9.96232986450195,,139.800003051758,23.6000003814697
26,1992,112.300003051758,9.98268890380859,,159.600006103516,23
26,1993,108.900001525879,9.98972129821777,,162.5,23
26,1994,108.599998474121,10.0314922332764,,151.199996948242,23
26,1995,111.699996948242,10.0805139541626,,155.600006103516,22.7999992370605
26,1996,107.599998474121,10.0972576141357,,159.699996948242,23.2999992370605
26,1997,108.599998474121,10.0931797027588,,166.800003051758,23
26,1998,106.400001525879,,,172.899993896484,
26,1999,104,,,193.199996948242,
26,2000,99.9000015258789,,,265.399993896484,
27,1970,108.400001525879,,0.175459161400795,38.4000015258789,
27,1971,115.400001525879,,0.176524817943573,39.7999992370605,
27,1972,121.699996948242,9.62502670288086,0.177590474486351,39.7999992370605,
27,1973,124.099998474121,9.68241882324219,0.178656116127968,40.4000015258789,
27,1974,130.5,9.67510318756104,0.179721772670746,41,
27,1975,132.899993896484,9.68261623382568,0.180787429213524,43.5999984741211,
27,1976,138.600006103516,9.71226024627686,0.181853085756302,46.4000015258789,
27,1977,140.399993896484,9.74036693572998,0.18291874229908,47.9000015258789,
27,1978,143.600006103516,9.78252601623535,0.183984383940697,53.0999984741211,
27,1979,141.600006103516,9.80966663360596,0.185050040483475,55.5,
27,1980,141.600006103516,9.81143760681152,0.186115697026253,62.9000015258789,
27,1981,143.699996948242,9.84498977661133,0.181768253445625,65.8000030517578,
27,1982,147,9.85313987731934,0.177420809864998,71.6999969482422,
27,1983,140,9.80484580993652,0.17307336628437,83.9000015258789,
27,1984,128.100006103516,9.81332302093506,0.168725922703743,93.3000030517578,17.7999992370605
27,1985,124.199996948242,9.81612968444824,0.164378494024277,95.0999984741211,18.1000003814697
27,1986,119.900001525879,9.80192184448242,0.160031050443649,104.599998474121,18.2999992370605
27,1987,113.099998474121,9.77980518341064,0.155683606863022,114.400001525879,18.2000007629395
27,1988,103.599998474121,9.80146980285645,0.151336163282394,122.599998474121,18.2999992370605
27,1989,97.5,9.81820583343506,0.146988719701767,133.399993896484,18.3999996185303
27,1990,88.4000015258789,9.82814502716064,0.14264127612114,146.100006103516,19.7000007629395
27,1991,87.8000030517578,9.82268333435059,,149.100006103516,19.7000007629395
27,1992,86.3000030517578,9.84419059753418,,170.600006103516,19.8999996185303
27,1993,86.1999969482422,9.84817123413086,,182.399993896484,20
27,1994,104.800003051758,9.86118698120117,,163.399993896484,20.3999996185303
27,1995,109.5,9.89837551116943,,161.100006103516,20
27,1996,110.800003051758,9.9188060760498,,162.699996948242,19.8999996185303
27,1997,111.800003051758,9.91999244689941,,172,20.1000003814697
27,1998,112.199996948242,,,183.600006103516,
27,1999,111.400001525879,,,203.399993896484,
27,2000,108.900001525879,,,272.600006103516,
28,1970,107.300003051758,,0.163375988602638,38.4000015258789,
28,1971,106.300003051758,,0.165084585547447,44.7000007629395,
28,1972,109,9.78427410125732,0.166793167591095,44.7000007629395,
28,1973,110.699996948242,9.82108783721924,0.168501764535904,44.9000015258789,
28,1974,114.199996948242,9.8142261505127,0.170210346579552,46.5999984741211,
28,1975,114.599998474121,9.80451583862305,0.171918943524361,49.7999992370605,
28,1976,118.800003051758,9.84331035614014,0.17362754046917,52.2999992370605,
28,1977,120.099998474121,9.87337017059326,0.175336122512817,53.2999992370605,
28,1978,122.300003051758,9.90281295776367,0.177044719457626,57.4000015258789,
28,1979,122.599998474121,9.89978504180908,0.178753301501274,60.5999984741211,
28,1980,124,9.86999797821045,0.180461898446083,61.2999992370605,
28,1981,125.199996948242,9.8664436340332,0.176455587148666,64.8000030517578,
28,1982,123.300003051758,9.86276626586914,0.172449290752411,69.8000030517578,
28,1983,125.300003051758,9.8769063949585,0.168442979454994,81.6999969482422,
28,1984,115.300003051758,9.91130542755127,0.164436668157578,97.6999969482422,24.8999996185303
28,1985,115.800003051758,9.94473838806152,0.160430371761322,100.099998474121,24.8999996185303
28,1986,113.900001525879,9.98710823059082,0.156424060463905,104.900001525879,25.2000007629395
28,1987,110.599998474121,10.0009279251099,0.152417749166489,110,25.1000003814697
28,1988,107.599998474121,10.0214128494263,0.148411437869072,112.300003051758,25.2999992370605
28,1989,107.099998474121,10.0474472045898,0.144405141472816,122.800003051758,24.6000003814697
28,1990,101.300003051758,10.0514707565308,0.1403988301754,133.699996948242,25.7999992370605
28,1991,102.5,10.0493631362915,,144.100006103516,24.6000003814697
28,1992,96.1999969482422,10.0676298141479,,176.199996948242,23.5
28,1993,94.6999969482422,10.0687417984009,,183.800003051758,23.7000007629395
28,1994,95.4000015258789,10.0923366546631,,158.100006103516,23.3999996185303
28,1995,95.4000015258789,10.1307191848755,,161.699996948242,22.3999996185303
28,1996,93.3000030517578,10.1559467315674,,169.399993896484,22.3999996185303
28,1997,92.9000015258789,10.1523380279541,,176.5,22.1000003814697
28,1998,92.0999984741211,,,190.899993896484,
28,1999,91.0999984741211,,,205,
28,2000,87.9000015258789,,,280.100006103516,
29,1970,123.900001525879,,0.18315789103508,39.2999992370605,
29,1971,123.199996948242,,0.18384949862957,40.2000007629395,
29,1972,134.399993896484,9.7702112197876,0.184541091322899,41.5999984741211,
29,1973,142,9.78520393371582,0.185232698917389,40.5999984741211,
29,1974,146.100006103516,9.76594543457031,0.185924306511879,41.2999992370605,
29,1975,154.699996948242,9.75712585449219,0.186615914106369,44.2999992370605,
29,1976,150.199996948242,9.79551696777344,0.187307506799698,52.2000007629395,
29,1977,148.800003051758,9.8197078704834,0.187999114394188,52.2999992370605,
29,1978,146.800003051758,9.8429708480835,0.188690721988678,56.2999992370605,
29,1979,145.800003051758,9.84394645690918,0.189382314682007,58.7000007629395,
29,1980,149.300003051758,9.83539867401123,0.190073922276497,60,
29,1981,151.199996948242,9.83628368377686,0.186410456895828,64.5,
29,1982,146.300003051758,9.84297466278076,0.18274699151516,71.5999984741211,
29,1983,135.800003051758,9.88234806060791,0.17908351123333,84,
29,1984,136.899993896484,9.9313850402832,0.175420045852661,94.8000030517578,25.1000003814697
29,1985,133.399993896484,9.95523929595947,0.171756580471992,100.300003051758,25.7000007629395
29,1986,136.300003051758,10.0025653839111,0.168093115091324,101.800003051758,26
29,1987,124.400001525879,10.0275707244873,0.164429649710655,113.5,25.6000003814697
29,1988,138,10.06529712677,0.160766169428825,121.5,25.2999992370605
29,1989,120.800003051758,10.0800247192383,0.157102704048157,134.800003051758,24.7999992370605
29,1990,101.400001525879,10.0599155426025,0.153439238667488,150.899993896484,24
29,1991,103.599998474121,10.0395069122314,,170.300003051758,24.2999992370605
29,1992,100.099998474121,10.0497026443481,,190,22.7999992370605
29,1993,94.0999984741211,10.0669450759888,,197.899993896484,22.2999992370605
29,1994,91.9000015258789,10.0802240371704,,168.899993896484,22.6000003814697
29,1995,90.8000030517578,10.1350317001343,,209.600006103516,22.2000007629395
29,1996,87.5,10.1455249786377,,214.899993896484,21.7000007629395
29,1997,90,10.1532249450684,,217,22.8999996185303
29,1998,88.6999969482422,,,232.199996948242,
29,1999,86.9000015258789,,,251.699996948242,
29,2000,83.0999984741211,,,322.899993896484,
30,1970,103.599998474121,,0.200308755040169,32.5,
30,1971,115,,0.200489282608032,34.2999992370605,
30,1972,118.699996948242,9.50930881500244,0.200669810175896,34.0999984741211,
30,1973,125.5,9.56399345397949,0.200850337743759,33.5,
30,1974,129.699996948242,9.55874633789062,0.201030865311623,35.2000007629395,
30,1975,130.5,9.52785396575928,0.201211392879486,38.0999984741211,
30,1976,136.800003051758,9.57472801208496,0.20139192044735,41,
30,1977,137.199996948242,9.58970165252686,0.201572448015213,42.2000007629395,
30,1978,140.399993896484,9.62687492370605,0.201752975583076,49.2000007629395,
30,1979,135.699996948242,9.62320899963379,0.20193350315094,50.2000007629395,
30,1980,138.300003051758,9.60118579864502,0.202114030718803,52.2999992370605,
30,1981,136.100006103516,9.60056114196777,0.19768899679184,54.7000007629395,
30,1982,136,9.58378982543945,0.193263977766037,61.9000015258789,
30,1983,131.100006103516,9.62599086761475,0.188838943839073,72.4000015258789,
30,1984,127,9.675048828125,0.184413924813271,81.3000030517578,22
30,1985,125.400001525879,9.6976842880249,0.179988890886307,83,22.1000003814697
30,1986,126.599998474121,9.72972869873047,0.175563856959343,88.6999969482422,22.8999996185303
30,1987,126.599998474121,9.75457668304443,0.17113883793354,95.3000030517578,23.5
30,1988,124.400001525879,9.79257869720459,0.166713804006577,99.9000015258789,24
30,1989,122.400001525879,9.79646778106689,0.162288784980774,111.900001525879,24
30,1990,118.599998474121,9.82763862609863,0.15786375105381,125.199996948242,25.6000003814697
30,1991,121.5,9.81062507629395,,129,23.7999992370605
30,1992,112.800003051758,9.82544326782227,,151.899993896484,23.7999992370605
30,1993,115.199996948242,9.83469295501709,,164.5,24.2000007629395
30,1994,112.199996948242,9.86761379241943,,139.100006103516,24.7000007629395
30,1995,109.199996948242,9.90987300872803,,140,24.8999996185303
30,1996,102.900001525879,9.92665386199951,,149.5,25.3999996185303
30,1997,124.5,9.93601131439209,,153.899993896484,25.6000003814697
30,1998,126.900001525879,,,165.300003051758,
30,1999,109.400001525879,,,179.600006103516,
30,2000,103.900001525879,,,255.300003051758,
31,1970,92.6999969482422,,0.178678676486015,38.5,
31,1971,96.6999969482422,,0.180492430925369,38.5,
31,1972,103,9.63084888458252,0.182306185364723,39.0999984741211,
31,1973,103.5,9.80878067016602,0.184119939804077,39.5999984741211,
31,1974,108.400001525879,9.6978235244751,0.185933694243431,40.4000015258789,
31,1975,113.5,9.69446182250977,0.187747448682785,42.7999992370605,
31,1976,116.699996948242,9.62366771697998,0.189561188220978,45,
31,1977,115.599998474121,9.6784782409668,0.191374942660332,46.4000015258789,
31,1978,116.900001525879,9.7567081451416,0.193188697099686,53.2000007629395,
31,1979,117.400001525879,9.7528829574585,0.19500245153904,54.0999984741211,
31,1980,114.699996948242,9.61618614196777,0.196816205978394,58.7999992370605,
31,1981,115.699996948242,9.66571712493896,0.191009625792503,62.2999992370605,
31,1982,113,9.64911270141602,0.185203030705452,68,
31,1983,109.800003051758,9.65546703338623,0.179396450519562,78.8000030517578,
31,1984,105.699996948242,9.72109127044678,0.173589870333672,89.8000030517578,21.7000007629395
31,1985,104.400001525879,9.7190580368042,0.167783290147781,92.3000030517578,20.8999996185303
31,1986,97,9.75373268127441,0.16197669506073,108.5,21.2000007629395
31,1987,95.8000030517578,9.77950668334961,0.15617011487484,113.699996948242,21.5
31,1988,91.9000015258789,9.76535511016846,0.15036353468895,124.699996948242,21
31,1989,87.4000015258789,9.81428146362305,0.144556939601898,130.100006103516,21.6000003814697
31,1990,88.3000030517578,9.86173629760742,0.138750359416008,138.899993896484,23.3999996185303
31,1991,91.8000030517578,9.8698616027832,,150.300003051758,23.5
31,1992,93,9.89607524871826,,163,23.6000003814697
31,1993,91.5999984741211,9.90238571166992,,180.300003051758,23.5
31,1994,94.8000030517578,9.97207164764404,,154.399993896484,24.2999992370605
31,1995,98.5999984741211,9.92432498931885,,162.100006103516,23.7000007629395
31,1996,92.3000030517578,9.98790836334229,,171.199996948242,24.2999992370605
31,1997,88.8000030517578,9.95556259155273,,181.699996948242,24.1000003814697
31,1998,88.3000030517578,,,192.800003051758,
31,1999,83.5,,,207.899993896484,
31,2000,75.0999984741211,,,272.899993896484,
32,1970,99.8000030517578,,0.178043812513351,39.9000015258789,
32,1971,106.300003051758,,0.178819268941879,41.5999984741211,
32,1972,111.5,9.56971645355225,0.179594710469246,41.5999984741211,
32,1973,109.699996948242,9.63097476959229,0.180370151996613,40.7999992370605,
32,1974,114.800003051758,9.60949611663818,0.18114560842514,42.5,
32,1975,117.400001525879,9.58454608917236,0.181921064853668,45.2999992370605,
32,1976,121.699996948242,9.63202953338623,0.182696506381035,48.2999992370605,
32,1977,124.599998474121,9.65599060058594,0.183471947908401,49.5999984741211,
32,1978,127.300003051758,9.7006721496582,0.184247404336929,54.7999992370605,
32,1979,127.199996948242,9.69054222106934,0.185022860765457,57.2999992370605,
32,1980,130.399993896484,9.6576976776123,0.185798302292824,60.2999992370605,
32,1981,129.100006103516,9.6552152633667,0.182105228304863,63.7000007629395,
32,1982,131.399993896484,9.6426887512207,0.178412154316902,68.3000030517578,
32,1983,129,9.67234134674072,0.17471906542778,79.0999984741211,
32,1984,125.099998474121,9.72924137115479,0.171025991439819,88.3000030517578,19.7000007629395
32,1985,128.699996948242,9.757004737854,0.167332917451859,92.5,19.7999992370605
32,1986,129,9.81432628631592,0.163639843463898,98.8000030517578,20.8999996185303
32,1987,130.600006103516,9.84234046936035,0.159946769475937,103.5,21
32,1988,125.300003051758,9.8646993637085,0.156253680586815,112.099998474121,21.5
32,1989,124.699996948242,9.87885284423828,0.152560606598854,121.5,21.1000003814697
32,1990,121.800003051758,9.87950325012207,0.148867532610893,135,21.8999996185303
32,1991,120.599998474121,9.8746862411499,,137.399993896484,21.3999996185303
32,1992,121,9.91144371032715,,163.899993896484,21.7000007629395
32,1993,120.800003051758,9.92588901519775,,170.199996948242,21.6000003814697
32,1994,118.800003051758,9.96068954467773,,150.300003051758,21.5
32,1995,125.400001525879,10.0262594223022,,153,21.3999996185303
32,1996,119.199996948242,10.034496307373,,155.899993896484,21.5
32,1997,118.900001525879,10.030779838562,,161.100006103516,21.2999992370605
32,1998,119.699996948242,,,167.699996948242,
32,1999,115.599998474121,,,189.5,
32,2000,108.699996948242,,,261.200012207031,
33,1970,106.400001525879,,0.183141350746155,40.4000015258789,
33,1971,108.900001525879,,0.184308558702469,42,
33,1972,108.599998474121,9.67520904541016,0.185475766658783,46.9000015258789,
33,1973,110.400001525879,9.72544384002686,0.186642974615097,46.4000015258789,
33,1974,114.699996948242,9.72298622131348,0.187810182571411,47.5,
33,1975,116,9.7346134185791,0.188977390527725,50.5999984741211,
33,1976,121.400001525879,9.78099727630615,0.190144583582878,53.2999992370605,
33,1977,124.199996948242,9.8127384185791,0.191311791539192,53.2999992370605,
33,1978,126.599998474121,9.86380672454834,0.192478999495506,59.0999984741211,
33,1979,126.400001525879,9.87756061553955,0.19364620745182,62.2000007629395,
33,1980,129.699996948242,9.86857986450195,0.194813415408134,63.7000007629395,
33,1981,129,9.89818859100342,0.190550059080124,66.9000015258789,
33,1982,131.199996948242,9.88720893859863,0.186286717653275,73.8000030517578,
33,1983,126.400001525879,9.88021183013916,0.182023361325264,84.0999984741211,
33,1984,117.199996948242,9.90960311889648,0.177760004997253,93.8000030517578,29.7999992370605
33,1985,115.900001525879,9.92803573608398,0.173496663570404,102.099998474121,29.1000003814697
33,1986,113.699996948242,9.89840030670166,0.169233307242393,105.5,29
33,1987,105.800003051758,9.88912010192871,0.164969950914383,114.400001525879,27.5
33,1988,96.5,9.90522289276123,0.160706594586372,128,27.5
33,1989,94.5,9.91910839080811,0.156443253159523,137,27.6000003814697
33,1990,85.5999984741211,9.93064117431641,0.152179896831512,145.699996948242,29
33,1991,79.4000015258789,9.93066692352295,,173.600006103516,27.7000007629395
33,1992,77.1999969482422,9.9572639465332,,186,28.5
33,1993,81.3000030517578,9.96424674987793,,204.600006103516,28.1000003814697
33,1994,78.8000030517578,9.97407627105713,,177.699996948242,28.2999992370605
33,1995,75.1999969482422,10.0318393707275,,185,27.1000003814697
33,1996,74.5999984741211,10.0528182983398,,188.399993896484,27.1000003814697
33,1997,72.5999984741211,10.0707979202271,,189.800003051758,27
33,1998,73.1999969482422,,,201.800003051758,
33,1999,67.5999984741211,,,225,
33,2000,69.3000030517578,,,292.299987792969,
34,1970,65.5,,0.202077433466911,34.5999984741211,
34,1971,67.6999969482422,,0.202061340212822,36.5999984741211,
34,1972,71.3000030517578,9.60112190246582,0.202045246958733,37.2000007629395,
34,1973,72.6999969482422,9.62666702270508,0.202029153704643,36.5,
34,1974,75.5999984741211,9.61216926574707,0.202013060450554,37.7999992370605,
34,1975,75.8000030517578,9.60102081298828,0.201996967196465,40.5,
34,1976,77.9000015258789,9.64515972137451,0.201980873942375,43.4000015258789,
34,1977,78,9.67347145080566,0.201964780688286,44.7000007629395,
34,1978,79.5999984741211,9.70816993713379,0.201948687434196,49.5,
34,1979,79.0999984741211,9.6941032409668,0.201932594180107,53.7000007629395,
34,1980,74.8000030517578,9.654541015625,0.201916500926018,57.2000007629395,
34,1981,77.5999984741211,9.640061378479,0.198394998908043,62.7000007629395,
34,1982,73.5999984741211,9.62807559967041,0.194873496890068,68.0999984741211,
34,1983,69,9.64330768585205,0.191351994872093,82,
34,1984,66.3000030517578,9.67889785766602,0.187830492854118,95.3000030517578,13.3999996185303
34,1985,66.5,9.69776725769043,0.184309005737305,104.599998474121,13.8000001907349
34,1986,64.4000015258789,9.71557331085205,0.18078750371933,103.5,13.6999998092651
34,1987,67.6999969482422,9.71988582611084,0.177266001701355,108.599998474121,13
34,1988,55,9.72915649414062,0.17374449968338,122.900001525879,12.8000001907349
34,1989,57,9.74602031707764,0.170222997665405,135.600006103516,12.6999998092651
34,1990,53.4000015258789,9.75515937805176,0.16670149564743,151.899993896484,12.6999998092651
34,1991,53.5,9.76218414306641,,167.100006103516,13.1999998092651
34,1992,55,9.78338718414307,,170.100006103516,13
34,1993,56.2000007629395,9.79371738433838,,180.100006103516,21.8999996185303
34,1994,55.7999992370605,9.83662891387939,,160.399993896484,12.8999996185303
34,1995,52,9.87234497070312,,168.800003051758,12.8000001907349
34,1996,54,9.90476608276367,,174.899993896484,13.1999998092651
34,1997,57,9.9155797958374,,186.199996948242,13
34,1998,42.2999992370605,,,222.699996948242,
34,1999,43.9000015258789,,,243.699996948242,
34,2000,40.7000007629395,,,312.899993896484,
35,1970,122.599998474121,,0.179775282740593,37.7000007629395,
35,1971,124.400001525879,,0.181367218494415,39.5,
35,1972,138,9.67306900024414,0.182959169149399,40,
35,1973,146.800003051758,9.69915866851807,0.184551119804382,39.7999992370605,
35,1974,151.800003051758,9.66179180145264,0.186143055558205,41.2999992370605,
35,1975,155.5,9.63712406158447,0.187734991312027,41.7999992370605,
35,1976,171.100006103516,9.68071365356445,0.18932694196701,47.0999984741211,
35,1977,169.399993896484,9.6877613067627,0.190918892621994,47,
35,1978,162.399993896484,9.74697780609131,0.192510828375816,52.5,
35,1979,160.899993896484,9.7476110458374,0.194102764129639,54.7999992370605,
35,1980,161.600006103516,9.72296524047852,0.195694714784622,58.9000015258789,
35,1981,163.800003051758,9.72743988037109,0.191106632351875,61,
35,1982,162.300003051758,9.72343921661377,0.186518535017967,66.8000030517578,
35,1983,153.800003051758,9.75901699066162,0.18193045258522,77,
35,1984,144.300003051758,9.8052396774292,0.177342355251312,90.5999984741211,26.2999992370605
35,1985,144.5,9.84850406646729,0.172754272818565,95.5,26.6000003814697
35,1986,131.199996948242,9.90777492523193,0.168166190385818,104.900001525879,27.6000003814697
35,1987,128.300003051758,9.93568801879883,0.16357809305191,113.800003051758,27.7999992370605
35,1988,128.699996948242,9.96027088165283,0.158990010619164,123.699996948242,27
35,1989,120.900001525879,9.99205589294434,0.154401913285255,129.699996948242,26
35,1990,124.300003051758,9.97293281555176,0.149813830852509,143.699996948242,26.1000003814697
35,1991,120.900001525879,9.9512825012207,,150.100006103516,25
35,1992,126.5,9.97677230834961,,168,23.8999996185303
35,1993,117.199996948242,9.97968673706055,,173.800003051758,23.7000007629395
35,1994,120.300003051758,9.99393844604492,,159.600006103516,23.2999992370605
35,1995,123.199996948242,10.0417203903198,,160.100006103516,22.7999992370605
35,1996,102.5,10.0610074996948,,196.399993896484,23.2999992370605
35,1997,97.6999969482422,10.0433969497681,,201.899993896484,2.5
35,1998,97,,,213.899993896484,
35,1999,94.0999984741211,,,233.699996948242,
35,2000,88.9000015258789,,,301.100006103516,
36,1970,124.300003051758,,0.189421623945236,28.7999992370605,
36,1971,128.399993896484,,0.189873516559601,30.2000007629395,
36,1972,137,9.73640537261963,0.190325409173965,29.8999996185303,
36,1973,143.100006103516,9.78152465820312,0.190777286887169,30.1000003814697,
36,1974,149.600006103516,9.77251720428467,0.191229179501534,31.2999992370605,
36,1975,152.699996948242,9.7617769241333,0.191681072115898,33.5999984741211,
36,1976,158.100006103516,9.79957294464111,0.192132964730263,37.9000015258789,
36,1977,157.699996948242,9.82806301116943,0.192584857344627,38.4000015258789,
36,1978,155.899993896484,9.86816310882568,0.193036735057831,42.7999992370605,
36,1979,151.800003051758,9.87088680267334,0.193488627672195,45.7999992370605,
36,1980,148.899993896484,9.86659240722656,0.19394052028656,48.5,
36,1981,149.899993896484,9.86719036102295,0.189806133508682,51.7999992370605,
36,1982,147.399993896484,9.8705530166626,0.185671731829643,56.4000015258789,
36,1983,144.699996948242,9.9070873260498,0.181537330150604,68.8000030517578,
36,1984,136.800003051758,9.95570945739746,0.177402943372726,76,22.3999996185303
36,1985,134.600006103516,9.98497009277344,0.173268556594849,83.5999984741211,22.3999996185303
36,1986,135.800003051758,10.0319051742554,0.16913415491581,91.3000030517578,23.3999996185303
36,1987,133,10.0544261932373,0.164999753236771,94.5999984741211,23.5
36,1988,129.5,10.0784587860107,0.160865366458893,102.099998474121,23.2999992370605
36,1989,122.5,10.097957611084,0.156730979681015,109.400001525879,23.6000003814697
36,1990,118.900001525879,10.0865287780762,0.152596578001976,128.600006103516,24
36,1991,109.099998474121,10.0713777542114,,136.5,23
36,1992,108.199996948242,10.0806512832642,,157.899993896484,22.5
36,1993,105.400001525879,10.0827913284302,,165.699996948242,22.2000007629395
36,1994,106.199996948242,10.1062784194946,,156.5,21.7000007629395
36,1995,106.699996948242,10.1562442779541,,157.5,20.7000007629395
36,1996,104.599998474121,10.1718311309814,,159.600006103516,20.6000003814697
36,1997,108,10.1705646514893,,159.600006103516,20.5
36,1998,105.599998474121,,,162.199996948242,
36,1999,102.099998474121,,,183.699996948242,
36,2000,96.6999969482422,,,252.800003051758,
37,1970,114.5,,0.172591745853424,33.7000007629395,
37,1971,111.5,,0.173127442598343,41.5999984741211,
37,1972,117.5,9.54298782348633,0.173663139343262,41.2999992370605,
37,1973,116.599998474121,9.569655418396,0.174198836088181,39.9000015258789,
37,1974,119.900001525879,9.56559562683105,0.174734532833099,42,
37,1975,123.199996948242,9.58530426025391,0.175270229578018,45.2000007629395,
37,1976,129.699996948242,9.62616443634033,0.175805926322937,48.4000015258789,
37,1977,133.899993896484,9.65836429595947,0.176341623067856,48.9000015258789,
37,1978,131.600006103516,9.68784618377686,0.176877319812775,53.9000015258789,
37,1979,122.099998474121,9.68386650085449,0.177413016557693,62.4000015258789,
37,1980,122.300003051758,9.65203189849854,0.177948713302612,64.3000030517578,
37,1981,120.5,9.62926864624023,0.174669161438942,66.1999969482422,
37,1982,119.800003051758,9.62673759460449,0.171389609575272,75.0999984741211,
37,1983,115.699996948242,9.61295700073242,0.168110057711601,88.1999969482422,
37,1984,111.900001525879,9.64077854156494,0.164830505847931,97.1999969482422,19.7000007629395
37,1985,109.099998474121,9.6517162322998,0.161550968885422,103.199996948242,19.7000007629395
37,1986,112.099998474121,9.68800067901611,0.158271417021751,104.099998474121,19.6000003814697
37,1987,107.5,9.68308067321777,0.154991865158081,112.800003051758,19.8999996185303
37,1988,109.099998474121,9.70830059051514,0.151712313294411,122.199996948242,20.1000003814697
37,1989,104,9.72477245330811,0.14843276143074,131.199996948242,20.2000007629395
37,1990,104.099998474121,9.74837779998779,0.14515320956707,142.899993896484,21.7000007629395
37,1991,100.099998474121,9.75750827789307,,144.100006103516,21.5
37,1992,97.9000015258789,9.78476524353027,,158.199996948242,21
37,1993,111,9.79465103149414,,166.199996948242,21.6000003814697
37,1994,104.199996948242,9.83010578155518,,150.100006103516,21.5
37,1995,115.199996948242,9.83426952362061,,156.800003051758,20.8999996185303
37,1996,112.699996948242,9.84518623352051,,157.300003051758,21
37,1997,114.5,9.83712673187256,,160.899993896484,21
37,1998,114.599998474121,,,171.100006103516,
37,1999,112.400001525879,,,192.399993896484,
37,2000,107.900001525879,,,253.699996948242,
38,1970,106.400001525879,,0.174287006258965,38.5,
38,1971,105.400001525879,,0.176344066858292,40.2000007629395,
38,1972,108.800003051758,9.74925899505615,0.178401127457619,40.2999992370605,
38,1973,109.5,9.79775142669678,0.180458188056946,42.5999984741211,
38,1974,111.800003051758,9.7823486328125,0.182515248656273,43.9000015258789,
38,1975,113.5,9.76618385314941,0.1845723092556,46.5999984741211,
38,1976,115.400001525879,9.80760860443115,0.186629384756088,51.2999992370605,
38,1977,117.199996948242,9.85229778289795,0.188686445355415,52.0999984741211,
38,1978,116.699996948242,9.88982009887695,0.190743505954742,57.0999984741211,
38,1979,117.099998474121,9.89231204986572,0.19280056655407,58.7000007629395,
38,1980,117.599998474121,9.85558414459229,0.194857627153397,61.2000007629395,
38,1981,119.900001525879,9.83429336547852,0.189779818058014,64.9000015258789,
38,1982,115.599998474121,9.82129859924316,0.184702008962631,75,
38,1983,106.300003051758,9.83835029602051,0.179624199867249,92,
38,1984,105.599998474121,9.88154888153076,0.174546390771866,100.800003051758,32.9000015258789
38,1985,107,9.89438629150391,0.169468581676483,106.800003051758,32.0999984741211
38,1986,105.400001525879,9.93297290802002,0.1643907725811,110.800003051758,32.7000007629395
38,1987,106,9.94129371643066,0.159312963485718,116.300003051758,31.5
38,1988,102.599998474121,9.94721412658691,0.154235154390335,128.600006103516,31
38,1989,100.300003051758,9.9652624130249,0.149157345294952,138.300003051758,30.2000007629395
38,1990,94,9.96933650970459,0.14407953619957,151.100006103516,30.5
38,1991,95.5,9.96052074432373,,158.600006103516,29
38,1992,96.1999969482422,9.99265956878662,,176.5,28.1000003814697
38,1993,91.1999969482422,9.99953269958496,,195.5,28.2999992370605
38,1994,91.8000030517578,10.0316820144653,,178.600006103516,28.2999992370605
38,1995,93.5,10.071120262146,,188,28
38,1996,92.0999984741211,10.0900011062622,,200.5,27.6000003814697
38,1997,91.9000015258789,10.0938444137573,,200.699996948242,28.6000003814697
38,1998,88.6999969482422,,,210.800003051758,
38,1999,84.4000015258789,,,243.5,
38,2000,80.0999984741211,,,312.799987792969,
39,1970,132.199996948242,,0.174698799848557,34.0999984741211,
39,1971,131.699996948242,,0.177228927612305,34.4000015258789,
39,1972,140,9.76671028137207,0.179759040474892,34.4000015258789,
39,1973,141.199996948242,9.84348487854004,0.182289153337479,34.4000015258789,
39,1974,145.800003051758,9.85929012298584,0.184819281101227,35.7999992370605,
39,1975,160.699996948242,9.84810447692871,0.187349408864975,38.5999984741211,
39,1976,161.5,9.87149810791016,0.189879521727562,42.5999984741211,
39,1977,160.399993896484,9.92392063140869,0.192409634590149,43.4000015258789,
39,1978,160.300003051758,10.0035333633423,0.194939762353897,49.7999992370605,
39,1979,168.600006103516,10.0167360305786,0.197469890117645,51.7000007629395,
39,1980,158.100006103516,10.013955116272,0.200000002980232,55.2999992370605,
39,1981,163.100006103516,9.99971961975098,0.193551763892174,55.9000015258789,
39,1982,157.699996948242,9.94531440734863,0.187103524804115,64.3000030517578,
39,1983,141.199996948242,9.88418769836426,0.180655285716057,71,
39,1984,128.899993896484,9.88435173034668,0.174207046627998,81.6999969482422,26.2999992370605
39,1985,125.699996948242,9.91065883636475,0.167758822441101,87.4000015258789,26
39,1986,124.800003051758,9.87426662445068,0.161310583353043,97.8000030517578,24.5
39,1987,110.400001525879,9.83984851837158,0.154862344264984,102.699996948242,24.5
39,1988,114.300003051758,9.87064743041992,0.148414105176926,112.900001525879,23.6000003814697
39,1989,111.400001525879,9.89247703552246,0.141965866088867,118.599998474121,23
39,1990,96.9000015258789,9.93931293487549,0.135517627000809,129.5,25.1000003814697
39,1991,109.099998474121,9.97840785980225,,136,24.7000007629395
39,1992,110.800003051758,9.97932910919189,,155.100006103516,24.7000007629395
39,1993,108.400001525879,9.9951229095459,,166.899993896484,24.2999992370605
39,1994,111.199996948242,10.0038070678711,,147.399993896484,25
39,1995,115,10.0094909667969,,153,23.6000003814697
39,1996,110.300003051758,10.0167684555054,,162.5,24.6000003814697
39,1997,108.800003051758,10.0256128311157,,164.100006103516,24.6000003814697
39,1998,102.900001525879,,,168.800003051758,
39,1999,104.800003051758,,,189.600006103516,
39,2000,90.5,,,267.100006103516,
